Briquet, 2024-03-19
Carton, 2024-03-19
Papier journal, 2024-03-19
Canette, 2024-03-19
Mégot de cigarette, 2024-03-19
Brique de lait, 2024-03-19
Chewing-gum, 2024-03-19
Mégot de cigarette, 2024-03-19
Masque chirurgical, 2024-03-19
Ampoule, 2024-03-19
Chewing-gum, 2024-03-19
Papier journal, 2024-03-19
Masque chirurgical, 2024-03-19
Couche jetable, 2024-03-19
Papier journal, 2024-03-19
Masque chirurgical, 2024-03-19
Carton, 2024-03-19
Mégot de cigarette, 2024-03-19
Papier journal, 2024-03-19
Chewing-gum, 2024-03-19
